<?xml version="1.0" encoding="UTF-8" standalone="no"?>
<registration_data version="1.0">
   <environment>
      <hostname>connecti-66a771</hostname>
      <hostId/>
      <osName>Windows XP</osName>
      <osVersion>5.1</osVersion>
      <osArchitecture>x86</osArchitecture>
      <systemModel>OptiPlex 755</systemModel>
      <systemManufacturer>Dell Inc.</systemManufacturer>
      <cpuManufacturer>GenuineIntel</cpuManufacturer>
      <serialNumber>7PLZD3J</serialNumber>
   </environment>
   <registry urn="urn:st:dc04ee28-579a-443f-8b5f-daa912d2e353" version="1.0">
      <service_tag>
         <instance_urn>urn:st:d62cb65e-3370-4381-80f3-f64f4fce204d</instance_urn>
         <product_name>Java SE 7 Development Kit</product_name>
         <product_version>1.7.0_17</product_version>
         <product_urn>JSEZ9-007-ZZZZ</product_urn>
         <product_parent_urn>urn:uuid:dc1704fe-264f-11dc-9482-080020a9ed93</product_parent_urn>
         <product_parent>Java Platform Standard Edition 7 (Java SE 7)</product_parent>
         <product_defined_inst_id>id=1.7.0_17-b02 x86,dir=C:\Archivos de programa\Java\jdk1.7.0_17\jre</product_defined_inst_id>
         <product_vendor>Oracle Corporation</product_vendor>
         <platform_arch>x86</platform_arch>
         <timestamp>2013-03-14 14:40:20 GMT</timestamp>
         <container>global</container>
         <source>Windows JDK i586 installer</source>
         <installer_uid>-1</installer_uid>
      </service_tag>
   </registry>
</registration_data>
